<?xml version="1.0" encoding="UTF-8" standalone="yes"?>
<addon id="plugin.program.Hermito" name="[B][COLOR skyblue]Hermito Assistent[/COLOR][/B]" version="1.0.2" provider-name="Hermito">
  <requires>
    <import addon="xbmc.python" version="2.1.0"/>
  </requires>
  <extension point="xbmc.python.pluginsource" library="default.py">
    <provides>executable</provides>
  </extension>
  <extension point="xbmc.service" library="startup.py" start="startup" />
  <extension point="xbmc.addon.metadata">
    <summary lang="en">[COLOR skyblue]Hermito Assistent[/COLOR]</summary>
	<description lang="en">[COLOR skyblue]Hermito Assistent[/COLOR]</description>
		<disclaimer lang="en">[COLOR skyblue]Hermito Assistent[/COLOR]</disclaimer>
		<platform>all</platform>
	</extension>
</addon>