<?xml version="1.0" encoding="UTF-8" standalone="yes"?>
<addon id="plugin.program.hermitoassistent" name="Hermito Assistent" version="1.0.1" provider-name="Hermito">
  <requires>
    <import addon="xbmc.python" version="2.1.0"/>
  </requires>
  <extension point="xbmc.python.pluginsource" library="default.py">
    <provides>executable</provides>
  </extension>
  <extension point="xbmc.service" library="startup.py" start="startup" />
  <extension point="xbmc.addon.metadata">
    <summary lang="en">Hermito Assistent</summary>
    <description lang="en">Hermito Assistent um Kodi neu einzurichten.</description>
    <platform>all</platform>
  </extension>
</addon>