<?xml version="1.0" encoding="UTF-8" standalone="yes"?>
<addon id="script.hermito.repos" name="Hermito Repo Installer" version="1.0.2" provider-name="Hermito">
	<requires>
		<import addon="xbmc.python" version="2.14.0"/>
		<import version="0.0.0" addon="repository.cdrepo"/>
		<import version="0.0.0" addon="repository.colossus"/>
		<import version="0.0.0" addon="repository.exodusredux"/>
		<import version="0.0.0" addon="repository.Firestickplusman"/>
		<import version="0.0.0" addon="repository.Ghost"/>
		<import version="0.0.0" addon="repository.guilouz"/>
		<import version="0.0.0" addon="repository.hermito"/>
		<import version="0.0.0" addon="repository.jsergio"/>
		<import version="0.0.0" addon="repository.Kodianer.NEU"/>
		<import version="0.0.0" addon="repository.kodil"/>
		<import version="0.0.0" addon="repository.kodinerds"/>
		<import version="0.0.0" addon="repository.lastship"/>
		<import version="0.0.0" addon="repository.marcelveldt"/>
		<import version="0.0.0" addon="repository.sgkodi"/>
		<import version="0.0.0" addon="repository.StreamArmy"/>
		<import version="0.0.0" addon="repository.turkvod"/>
		<import version="0.0.0" addon="repository.universalscrapers"/>
		<import version="0.0.0" addon="repository.xstream"/>
		<import version="0.0.0" addon="repository.bugatsinho"/>
	</requires>
	<extension point="xbmc.python.script" library="addon.py">
		<provides>executable</provides>
	</extension>
	<extension point="xbmc.addon.metadata">
		<platform>all</platform>
		<summary lang="en">Hermito Repo Installer</summary>
		<description lang="en">Es werden direkt alle Repos aus Hermito`s Repo installiert.</description>
		<license>GNU General Public License, v2</license>
		<language></language>
		<assets>
			<icon>icon.png</icon>
			<fanart>fanart.jpg</fanart>
		</assets>
	</extension>
</addon>
