<?xml version="1.0" encoding="UTF-8" standalone="yes"?>
<addon id="script.playalbum" name="Play Album Script" version="3.0.4" provider-name="ronie">
	<requires>
		<import addon="xbmc.python" version="2.25.0"/>
	</requires>
	<extension point="xbmc.python.library" library="default.py" />
	<extension point="xbmc.addon.metadata">	
		<language></language>
		<summary lang="en_GB">Play Album Script</summary>
		<description lang="en_GB">Script will play a full album when executed in the album info dialog.</description>
		<platform>all</platform>
		<forum>https://forum.kodi.tv/showthread.php?tid=104189</forum>
		<source>https://gitlab.com/ronie/script.playalbum</source>
		<license>GNU GENERAL PUBLIC LICENSE Version 2</license>
		<assets>
			<icon>resources/icon.png</icon>
		</assets>
	</extension>
</addon>
