<?xml version="1.0" encoding="UTF-8" standalone="yes"?>
<addon id="script.libraryeditor" name="Library Editor Script" version="0.9.0" provider-name="phil65">
	<requires>
		<import addon="xbmc.python" version="2.1.0"/>
		<import addon="script.module.simplejson" version="2.0.10"/>
	</requires>
	<extension point="xbmc.python.library" library="default.py" />
	<extension point="xbmc.addon.metadata">
		<language/>
		<summary lang="en">Library Editor Script</summary>
		<description lang="en">This script makes it possible to edit media details manually from within Kodi. Needs Skin Support.</description>
		<summary lang="fr">Library Editor Script</summary>
		<description lang="fr">Ce script permet d'éditer manuellement les détails des médias depuis Kodi. Nécessite le support du thème.</description>
		<platform>all</platform>
		<license>GNU GENERAL PUBLIC LICENSE Version 2, June 1991</license>
		<forum>-</forum>
		<source>-</source>
		<email>-</email>
	</extension>
</addon>
