<?xml version="1.0" encoding="UTF-8"?>
<addon id="plugin.video.southpark_unofficial" name="South Park" version="0.5.7" provider-name="Deroad">
    <requires>
        <import addon="xbmc.python" version="2.19.0"/>
    </requires>
    <extension point="xbmc.python.pluginsource" library="default.py">
        <provides>video</provides>
    </extension>
    <extension point="xbmc.addon.metadata">
        <platform>all</platform>
        <summary lang="en">South Park Unofficial Player</summary>
        <language>en</language>
        <description lang="en">Watch South Park episodes. The supported countries are the one that can view videos from https://southpark.cc.com, https://southparkstudios.co.uk, https://southparkstudios.nu or https://www.southpark.de.</description>
        <disclaimer lang="en">Some parts of this addon may not be legal in your country of residence - please check with your local laws before installing.</disclaimer>
        <license>GPL-2.0</license>
        <source>https://github.com/wargio/plugin.video.southpark_unofficial</source>
        <forum>https://forum.kodi.tv/showthread.php?tid=224662</forum>
        <email>wargio at libero dot it</email>
        <website>https://southpark.cc.com</website>
        <reuselanguageinvoker>true</reuselanguageinvoker>
    </extension>
</addon>

