<sources>
    <programs>
        <default pathversion="1"></default>
    </programs>
    <video>
        <default pathversion="1"></default>
    </video>
    <music>
        <default pathversion="1"></default>
    </music>
    <pictures>
        <default pathversion="1"></default>
    </pictures>
    <files>
        <default pathversion="1"></default>
        <source>
            <name>1</name>
            <path pathversion="1">C:\Users\user\Downloads\kodi\1</path>
            <allowsharing>true</allowsharing>
        </source>
    </files>
</sources>
