<?xml version="1.0" encoding="UTF-8" standalone="yes"?>
<addon id="repository.sgkodi" name="[B][COLORdeepskyblue]SGK[/COLOR][/B][COLORwhite]ODI REPOSITORY[/COLOR]" version="1.1.5" provider-name="SGK">
    <extension point="xbmc.addon.repository" name="Kodi Addons + Repos">
		<info compressed="false">http://sgkodi.de/SGK-Repo/Repo-Daten/addons.xml</info>
		<checksum>http://sgkodi.de/SGK-Repo/Repo-Daten/addons.xml.md5</checksum>
		<datadir zip="true">http://sgkodi.de/SGK-Repo/Repo-Daten/</datadir>
    </extension>
    <extension point="xbmc.addon.metadata">
        <summary>SGK All in One Repository</summary>
        <description>Eine Sammlung von KODI-Repositories und Addons.[CR][CR]Kontakt + Support:[CR][COLORdeepskyblue]https://www.facebook.com/groups/kodiunlimited[/COLOR][CR]Spenden - Link:[CR][COLORdeepskyblue]https://www.paypal.me/KodiUnlimited[/COLOR]</description>
        <platform>all</platform>
		<assets>
        <screenshot>resources/screenshot1.png</screenshot>
        <screenshot>resources/screenshot2.png</screenshot>
		<screenshot>resources/screenshot3.png</screenshot>
		<icon>icon.png</icon>
		<fanart>fanart.jpg</fanart>
		</assets>
    </extension>
</addon>