<?xml version="1.0" encoding="UTF-8" standalone="yes"?>
<addon id="plugin.video.KidsTube" name="[B][COLORyellow]Kids[/COLOR][COLORred]Tube[/COLOR][/B]" version="1.0.3" provider-name="SGK">
  <requires>
    <import addon="xbmc.python" version="2.14.0"/>
    <import addon="script.module.addon.common" version="2.0.0"/>
    <import addon="plugin.video.youtube" version="6.0.2"/>
    <import addon="repository.sgkodi"/>	
  </requires>
  <extension point="xbmc.python.pluginsource" library="default.py">
    <provides>video</provides>
  </extension>
  <extension point="xbmc.addon.metadata">
    <summary lang="de">[COLORyellow]Kids[/COLOR][COLOR red]Tube[/COLOR]</summary>
    <description lang="de">
[COLORyellow]Kinder-Kanäle, Playlisten, Filme, Serien und Musik auf[/COLOR] [COLORred]Youtube[/COLOR]
[COLORyellow]Source:[/COLOR] https://www.youtube.com
[COLORyellow]Created by:[/COLOR] SGK
[COLORyellow]Support:[/COLOR] https://www.facebook.com/groups/kodiunlimited
[COLORlime]Spende:[/COLOR] https://www.paypal.me/KodiUnlimited</description>
    <disclaimer>[COLORaqua]https://www.facebook.com/groups/kodiunlimited[/COLOR]</disclaimer>
    <platform>all</platform>
    <license>GNU GENERAL PUBLIC LICENSE. Version 3, June 2007</license>
    <forum>https://www.facebook.com/groups/kodiunlimited/</forum>
    <website></website>
    <source></source>
    <assets>
        <icon>icon.png</icon>
        <fanart>fanart.jpg</fanart>
		<screenshot>resources/screenshot/01.jpg</screenshot>
		<screenshot>resources/screenshot/02.jpg</screenshot>
		<screenshot>resources/screenshot/03.jpg</screenshot>
		<screenshot>resources/screenshot/04.jpg</screenshot>
		<screenshot>resources/screenshot/05.jpg</screenshot>
		<screenshot>resources/screenshot/06.jpg</screenshot>
		<screenshot>resources/screenshot/07.jpg</screenshot>
		<screenshot>resources/screenshot/08.jpg</screenshot>
    </assets>
  </extension>
</addon>
