<?xml version="1.0" encoding="UTF-8" standalone="yes"?>
<addon id="plugin.video.joyn_app" name="Joyn" version="0.2.2" provider-name="fayer3">
    <requires>
        <import addon="xbmc.python" version="2.25.0"/>
        <import addon="script.module.routing" version="0.2.0"/>
        <import addon="script.module.inputstreamhelper" version="0.3.4"/>
    </requires>
    <extension point="xbmc.python.pluginsource" library="main.py">
        <provides>video</provides>
    </extension>
    <extension point="xbmc.python.library" library="favorite.py"/>
    <extension point="xbmc.addon.metadata">
        <summary lang="de_DE">JOYN Levestream und Mediathek</summary>
        <description lang="de_DE">Bietet die inhalte von joyn.de, basierend auf der Android App</description>
        <disclaimer lang="de_DE">Die von diesem Addon dargestellten Inhalte werden von den Erstellern des Addons weder gehostet oder verbreitet, noch stehen die Ersteller in irgendeiner Beziehung zu den Anbietern des Inhalts.</disclaimer>
        <summary lang="en_GB">JOYN Levestream and Mediathek</summary>
        <description lang="en_GB">Gives access to the content of joyn.de, based on the Android app</description>
        <disclaimer lang="en_GB">The author does not host or distribute any of the content displayed by this addon. The author does not have any affiliation with the content providers.</disclaimer>
        <language></language>
        <platform>all</platform>
        <license>GPL-3.0</license>
        <forum>https://www.kodinerds.net/index.php/Thread/66455-Release-ZAPPN-TV/</forum>
        <website>https://joyn.de/</website>
        <email>fb4472 (at) aon.at</email>
        <source>https://github.com/fayer3/plugin.video.zappntv</source>
        <news>- EPG hinzugefügt
- JOYN Favoriten hinzugefügt
- Suche hinzugefügt
- Name von TV shows korregiert
- VOD auf lebreelec korregiert

- 0.2.2:
- Livestreams von sendern mit Umlaut korregiert
- Auflistung der Livestreams korregiert
- option für Vorschaubild statt Senderlogo von Livestreams hinzugefügt
- option für das Anzeigen des Sendungsanmens in der Übersicht von Livestreams hinzugefügt
        </news>
        <assets>
            <icon>resources/icon.png</icon>
            <fanart>resources/fanart.png</fanart>
            <screenshot>resources\screenshot-01.jpg</screenshot>
            <screenshot>resources\screenshot-02.jpg</screenshot>
            <screenshot>resources\screenshot-03.jpg</screenshot>
        </assets>
    </extension>
</addon>
