<?xml version='1.0' encoding='UTF-8' standalone='yes'?>
<addon id="service.nextup.notification" name="Nextup Service Notification" provider-name="im85288" version="2.0.00">
    <requires>
        <import addon="xbmc.python" version="2.26.0"/>
    </requires>
    <extension library="service.py" point="xbmc.service"/>
    <extension point="xbmc.addon.metadata">
        <summary lang="en">Provides a postplay screen or netflix style nextup pop up notification or both together!</summary>
        <disclaimer lang="en">This plugin is a standalone plugin.</disclaimer>
        <platform>all</platform>
        <language/>
        <assets>
            <icon>icon.png</icon>
        </assets>
        <broken>replaced by upnext</broken>
    </extension>
</addon>
